SRA_accession	GEO_accession	PMID	doi	Focus	First_author	Last_author	Year	essential_info_complete	Species	Abstract	project_id	EGA_id	data_NA	filesize	n_samples_SRA	n_samples_pub	conditions	celltypes	librarytype	strandedness	seq_platform	seq_strategy	fullinfo	temp	priority	atlas_like	date_added	notes
SRP058654	GSE69192	26660425	10.1182/blood-2015-06-649434	circ_degradation	Alhasan	Jackson	2016	TRUE	human	NA	PRJNA284775	NA	NA	5	1	37	na	red blood cells	paired	stranded	Illumina HiSeq 2000	RNA-Seq	TRUE	NA	NA	NA	NA	1 sample generated for study/ 36 publicly available
SRP035312	GSE53983	24637361	10.1182/blood-2014-01-548305	erythroid_differentiation	An	Gallagher	2014	TRUE	mouse; human	NA	PRJNA234281	NA	NA	71.7	27	27	na	erythroblast	single	unstranded	Illumina HiSeq 2000	RNA-Seq	NA	NA	NA	NA	NA	according to paper (human data: 4 comparisons with 3 replicates for each; mouse data: 3 comparisons with 3 replicates for each) (15 human/ 12 mouse in SRA)
SRP061548	GSE71310	28082345	10.3324/haematol.2016.150375	megs_gfi1b	Beauchemin	Moroy	2017	TRUE	mouse	NA	PRJNA290885	NA	NA	15	4	NULL	Gfi1b mutation	megacaryocyte	paired	stranded	Illumina HiSeq 2000	RNA-Seq	NA	NA	NA	NA	NA	no sample size in paper (afais)
SRP057500	GSE68086	26525104	10.1016/j.ccell.2015.09.018	TEPs_pancancer	Best	Wurdinger	2015	TRUE	human	NA	PRJNA281708	NA	NA	335.1	285	289	TEP	platelets	single	NA	Illumina HiSeq 2500	RNA-Seq	NA	NA	NA	NA	NA	TEP (Tumor educated platelet
SRP093349	GSE89843	28810146	10.1016/j.ccell.2017.07.004	TEPs_swarm	Best	Wurdinger	2017	TRUE	human	NA	PRJNA353588	NA	NA	604.7	779	779	TEP	platelets	single	NA	Illumina HiSeq 2500	RNA-Seq	NA	NA	NA	NA	NA	NA
SRP092389	GSE89378	29786092	10.1038/s41592-018-0009-z	network_bonemarrow	Boisset	Vanoudenaarden	2016	TRUE	mouse	NA	PRJNA352039	NA	NA	24	12	na	na	bone marrow; liver	paired	NA	Illumina NextSeq 500	RNA-Seq	NA	NA	NA	NA	NA	no associated paper; replace NA with 0?
SRP017372	NA	23323973	10.1186/1471-2164-14-1	complex_landscape	Bray	Rigoutsos	2013	TRUE	human	NA	PRJNA182514	NA	NA	38.6	12	12	LDP	platelets	single	stranded	AB Solid	RNA-Seq	NA	NA	NA	NA	NA	leukocyte-depleted platelet (LDP) unsure if being LDP changes anything within the platelet so not sure if counts as real condition; 4 individuals a 3 libraries
SRP114983	NA	29167233	10.4049/jimmunol.1700885	granzymea_platelets	Campbell	Rondina	2018	TRUE	human	NA	PRJNA397446	NA	NA	12.9	6	67	na	platelets; monocytes	single	NA	Illumina HiSeq 2000	RNA-Seq	NA	NA	NA	NA	NA	in study 37 young (age < 45); 30 old (age > 65) individuals
ERP004316	NA	25903651	10.1160/TH14-09-0726	mirna_modulation	Cimmino	Golino	2015	TRUE	human	NA	PRJEB4974	NA	NA	0.4	1	15	na	platelets	single	stranded	Illumina HiSeq 1000	miRNA	NA	NA	NA	NA	NA	in text HiSeq1500
SRP065216	GSE74246	27526324	10.1038/ng.3646	lineagespecific_hematopoiesis	Corces	Chang	2016	TRUE	human	NA	PRJNA299579	NA	NA	143.3	81	137	AML	HSCs; LSCs; blasts	paired	NA	Illumina NextSeq 500	RNA-Seq	NA	NA	NA	NA	NA	AML = amyloid leukemia; hematopoietic stem cells (HSCs); leukemia stem cells (LSCs); leukemic blast cells (blasts); samples either 137 (different cells & celltypes) or 21 (9 healthy and 12 AML patiens)
SRP053296	GSE65705	26367242	10.3109/09537104.2015.1083543	acute_mi	Eicher	Johnson	2016	TRUE	human	NA	PRJNA274751	NA	NA	202	34	32	MI	platelets	paired	NA	Illumina HiSeq 2000	RNA-Seq	NA	NA	NA	NA	NA	bit of guesswork involved here; no access to the article for me; myocardial infarction (MI)
SRP067232	GSE75896	27221652	10.1111/bjh.14155	puma_ttp	Delbridge	Grabow	2016	TRUE	mouse	NA	PRJNA305629	NA	NA	12.5	3	3	Bclxfl // Bim−/− // Puma−/−  // hUbiquitinC‐GFP // RosaCreERT2	platelets	paired	NA	Illumina HiSeq 2000	RNA-Seq	NA	NA	NA	NA	NA	Spleen and bone marrow cells; three different bone marrow suspensions; created bonemarrow chimeras from the noted mouse strains in conditions
SRP056969	NA	25970244	10.1038/nature14475	rnaseq_20humantissues	Duff	Graveley	2015	TRUE	human	NA	PRJNA280600	NA	NA	86.7	20	20	na	tissue	paired	stranded	Illumina HiSeq 2000	RNA-Seq	NA	NA	NA	TRUE	NA	rna extracted from tissue samples (and drosophila)
ERP003613	NA	25970244	10.1074/mcp.M113.035600	gene_expr_normal_diseased	Fagerberg	Uhlen	2014	TRUE	human	NA	PRJEB4337	NA	NA	249.2	95	95	na	tissue	paired	NA	Illumina HiSeq 2000	RNA-Seq	NA	NA	NA	TRUE	NA	frozen tissue samples; 95 individuals; 27 organs and tissues; added focus no idea if correct change if necessary
SRP090377	NA	27711235	10.1371/journal.pone.0163890	chicken_thrombocytes	Ferdous	Scott	2016	TRUE	chicken	NA	PRJNA344071	NA	NA	6.9	6	6	na	thrombocyte	paired	NA	Illumina HiSeq 2500	RNA-Seq	NA	NA	NA	NA	NA	3 different chickens; n = 2 per chicken
SRP148569	GSE114710	30385858	10.1038/s41598-018-34473-w	ecoli_platelets-2018	Feyes	Mannhalter	2018	TRUE	human	NA	PRJNA472350	NA	NA	6.5	12	NULL	E.coli K12 // E.coli O18:K1	platelets	single	NA	Illumina HiSeq 2500	RNA-Seq	NA	NA	NA	NA	NA	unable to find samplesize mentioned in paper; platelets brought into contact with two ecoli strains
ERP000546	NA	NA	NA	illumina_bodymap2	Illumina	NA	2013	TRUE	human	NA	PRJEB2445	NA	NA	190.7	19	na	na	tissue	paired	NA	Illumina HiSeq 2000	RNA-Seq	NA	NA	NA	TRUE	NA	NA
ERP000803	NA	24349131	10.1371/journal.pone.0081809	plts_polya	Kissopoulou	Osman	2013	TRUE	human	NA	PRJEB2626	NA	NA	3.5	1	4	na	platelets	single	NA	Illumina HiSeq 2000	FL-cDNA	NA	NA	NA	NA	NA	healthy human male donor; in paper talking about 4 samples 3 male 1 female
ERP003815	NA	24349131	10.1371/journal.pone.0081809	plts_ribodepl	Kissopoulou	Osman	2013	TRUE	human	NA	PRJEB4522	NA	NA	18.1	3	4	na	platelets	paired	NA	Illumina HiSeq 2000	RNA-Seq	NA	NA	NA	NA	NA	remaining three samples from above
SRP097794	NA	28329764	10.1038/nature21706	lungs_bonemarrow	Lefrancais	Looney	2017	TRUE	mouse	NA	PRJNA368740	NA	NA	15.7	2	10	PF4-mTmG	megakaryocyte	single	NA	Illumina HiSeq 4000	RNA-Seq	NA	NA	NA	NA	NA	10 mice (reporter mouse strain used PF4-mTmG
SRP028846	NA	24524654	10.1186/1745-6150-9-3	txome_proteome	Londin	Rigoutsos	2014	TRUE	human	NA	PRJNA214417	NA	NA	44.5	1	10	na	platelets	single	NA	AB Solid	RNA-Seq	NA	NA	NA	NA	NA	10 male donors
SRP109805	GSE100242	28842720	10.1007/s00109-017-1582-9	human_circ	Maass	Rajewsky	2017	TRUE	human	NA	PRJNA391146	NA	NA	25	24	13	na	tissue	single	NA	Illumina HiSeq 2000	RNA-Seq	NA	NA	NA	NA	NA	13 donors if im not mistaken; 20 body tissues
SRP108739	GSE99737	30062189	10.1016/j.jacbts.2017.10.005	HIV_platelets	Marcantoni	Berger	2018	TRUE	human	NA	PRJNA389458	NA	NA	4.2	9	62	HIV	platelets	single	NA	Illumina HiSeq 2500	RNA-Seq	NA	NA	NA	NA	NA	62 individuals; 7 healthy
SRP060557	GSE70657	27009448	10.1038/ncomms11075	singlecell_hsc	Grover	Nerlov	2016	TRUE	mouse	NA	PRJNA289305	NA	NA	24.3	135	135	na / FOG-1	platelets	single	NA	Illumina HiSeq 2000	RNA-Seq	NA	NA	NA	NA	NA	135 transcriptomes; 61 yound 74 old mice; fog1 depletion
SRP098699	GSE94384	28213379	10.1182/blood-2016-08-736108	pelo_decay	Mills	Ingolia	2017	TRUE	human	NA	PRJNA369543	NA	NA	13.2	14	3	na	platelets	single	stranded	Illumina HiSeq 2000	RNA-Seq	NA	NA	NA	NA	NA	not 100% sure about doi and pmid; but was linked to bioproject; 3 healthy human volunteers
SRP082436	GSE85864	27681415	10.1016/j.celrep.2016.08.088	ribo_profiling	Mills	Ingolia	2016	TRUE	human	NA	PRJNA339577	NA	NA	33.6	32	NULL	ABCE1 loss	ribosome-protected fragments	single	NA	Illumina HiSeq 2000	Ribo-Seq	NA	NA	NA	NA	NA	"again not entirely sure about doi and pmid; see above; i have absolutely no idea how many samples/donors/libraries they prepared... for real in most of these papers they mention in painstaking detail what the exclusion criteria for the study were but nowhere how many donors or samples they used ... deserve a place in hell above even those guys writing the ""fast delivery"" reviews on amazon ..."
ERP104860	NA	29323256	10.1038/s41598-017-18985-5	splicing_proteome	Nassa	Tarallo	2018	TRUE	human	NA	PRJEB23127	NA	NA	32.4	9	15	na	platelets	paired	NA	Illumina HiSeq 2500	RNA-Seq	NA	NA	NA	NA	NA	15 healthy volunteers; 15 platelet protein samples
ERP001115	NA	22972982	10.1182/blood-2012-01-401893	invitro_megs	Nurnberg	Ouwehand	2012	TRUE	human	NA	PRJEB2819	NA	NA	2.3	1	67000	CHRF	megakaryocytes	paired	NA	Illumina Genome Analyzer II	RNA-Seq	NA	NA	NA	NA	NA	most probably a gwas study collected from 67000 people; CHRF 288-11 cells
ERP009260	NA	24749844	10.3109/09537104.2014.898178	pathogen_reduction	Osman	Provost	2015	TRUE	human	NA	PRJEB8213	NA	NA	17.7	20	50	PR	platelets	single	NA	Ion Torrent Proton	RNA-Seq	NA	NA	NA	NA	NA	50 healthy donors; pathogen reduction
SRP048290	GSE61856	26121269	10.1371/journal.pone.0129399	mirna_celldamage	Pontes	Burbano	2015	TRUE	human	NA	PRJNA262560	NA	NA	6.9	6	30(?)	na	platelets	single	NA	Illumina HiSeq 2000	miRNA-Seq	NA	NA	NA	NA	NA	probably 5 individuals per collected pc bag so ... 30?
SRP118609	NA	29359036	10.1080/20013078.2018.1424473	release_circ	Preusser	Bindereif	2018	TRUE	human	NA	PRJNA407897	NA	NA	11.6	4	NULL	na	platelets	single	NA	Illumina NextSeq 500	RNA-Seq	NA	NA	NA	NA	NA	NA
SRP071547	GSE79044	28365152	10.1016/j.cels.2017.03.005	dynamic_myeloid	Ramirez	Mortazavi	2017	TRUE	human	NA	PRJNA314802	NA	NA	55.2	96	NULL	HL	HL-60	single	NA	Illumina NextSeq 500	RNA-Seq	NA	NA	NA	NA	NA	HL = human leukemia; afais no mention of sample sizes in paper
SRP119431	NA	21596849	10.1182/blood-2011-03-339705	human_mouse	Rowley	Weyrich	2011	TRUE	mouse; human	NA	PRJNA413262	NA	NA	3.7	4	NULL	na	platelets	paired	NA	Illumina Genome Analyzer IIx	RNA-Seq	NA	NA	NA	NA	NA	2 independent groups of mice 2 independent human donors
SRP071090	GSE78855	27590115	10.1016/j.immuni.2016.08.007	hsc_multilineage	Sawai	Reizis	2016	TRUE	mouse	NA	PRJNA314148	NA	NA	3.9	3	NULL	NA	Hematopoietic stem cells	single	NA	Illumina HiSeq 2500	RNA-Seq	NA	NA	NA	NA	NA	Hematopoietic stem cells (HSC)
SRP062023	GSE58202	25061876	10.1172/JCI75247	proteasome_platelets	Shi	Weyrich	2014	TRUE	mouse; human	NA	PRJNA251563	NA	NA	1.5	2	NULL	NA	megakaryocytes	single	NA	Illumina HiSeq 2000	RNA-Seq	NA	NA	NA	NA	NA	NA
ERP104395	NA	29231921	10.1038/sdata.2017.185	mouserat_atlas	Soellner	Simon	2017	TRUE	mouse; rat	NA	PRJEB22693	NA	NA	63.6	77	6 (3 rat / 3 mouse)	NA	tissue	single	NA	Illumina HiSeq 2000	RNA-Seq	NA	NA	NA	TRUE	NA	NA
SRP051249	GSE64283	26076956	10.1186/s13059-015-0690-5	human_fetaldevel	Szabo	Salzman	2015	TRUE	mouse; human	NA	PRJNA270632	NA	NA	117	35	NULL	NA	tissue	paired	NA	Illumina HiSeq 2000	RNA-Seq	NA	NA	NA	NA	NA	unavailable to find number of samples in paper
SRP034558	NA	NA	NA	platelets_short	UniJefferson	NA	2013	FALSE	human	NA	PRJNA231668	NA	NA	15	4	NULL	NA	platelets	single	NA	AB Solid	miRNA-Seq	NA	NA	NA	NA	NA	species and celltype most probably right but speculaton from the ncbi entry since no paper available
SRP043469	GSE58707	25538045	10.1182/blood-2014-08-593343	sp1sp3_hallmarks	Meinders	Philipsen	2015	TRUE	mouse	NA	PRJNA253207	NA	NA	2.4	6	6	NA	platelets	single	NA	Illumina HiSeq 2000	RNA-Seq	NA	NA	NA	NA	NA	three mice per genotype (meaning 2 genotypes according to the number of sra samples) going from the genotypes mentioned in paper i will put 6 as pubsamples
SRP015945	GSE41245	23372014	10.1126/science.1228522	circulating_tumor	Yu	Maheswaran	2013	TRUE	human	NA	PRJNA176307	NA	NA	18	30	58/46	NA	tumor	single	NA	Helicos HeliScope	RNA-Seq	NA	NA	NA	NA	NA	58 samples (individuals?) of breastcancer in total (all sorts added up); 46 individuals (5 healthy) for circulating tumor cell threshold determination
SRP150810	NA	NA	NA	extracellular_circulating	ERCCConsortium	NA	2018	FALSE	human	NA	PRJNA474043	NA	NA	34.3	90	na	NA	extracellular	single	NA	Illumina HiSeq 2500	miRNA-Seq	NA	NA	NA	NA	NA	if i understand the annotation in sra correctly; celltype should be extracellular
SRP182839	NA	30723081	10.1182/blood-2018-09-873984	megs_antiviral	Campbell	Rondina	2019	TRUE	human	NA	PRJNA517714	NA	NA	12.2	14	NULL	dengue; influenza	platelets	single	NA	Illumina HiSeq 2000	RNA-Seq	NA	NA	NA	NA	NA	counting 53 (29 dengue; 24 influenza patients)
NA	NA	29857300	10.1016/j.biopha.2018.05.074	NA	Zhang	Song	2018	FALSE	human	RNA sequencing enables systematic identification of platelet transcriptomic alterations in NSCLC patients	NA	NA	NA	NA	NA	22	NA	NA	NA	NA	NA	NA	NA	NA	NA	NA	NA	no paper access
SRP159229	GSE119299	31270104	10.1182/blood.2018888255	prdm16s_MEP	Hu	Nakada	2019	TRUE	mouse	Transformation of megakaryocyte-erythroid progenitors to acute myeloid leukemia-initiating cells: RNA-seq	PRJNA488710	NA	NA	2.3	12	12	NA	megakaryocytes	single	NA	Illumina HiSeq 2500	RNA-Seq	NA	NA	NA	NA	NA	according to abstract on ncbi; 2 populations; 2 treatment group per population; 3 replicates per treatment group = 12 samples; not sure about the celltype; they be talking about cells differentiating into platelets and if i am not mistaken it should be megakaryocytes
SRP126417	GSE107868	30894694	10.1038/s41596-019-0139-5	TEPs_glioma	Best	Wurdinger	2019	TRUE	human	NA	PRJNA421730	NA	NA	59.1	80	NULL	LGG	platelets	single	NA	Illumina HiSeq 2500	RNA-Seq	NA	NA	NA	NA	NA	lower-grade glioma (LGG)
SRP131026	GSE109266	29437903	10.1042/BSR20171208	microrna_bloodstasis	Chen	Fang	2018	TRUE	human	Bioinformatics analysis of microRNAs related to blood stasis syndrome in diabetes mellitus patients	PRJNA430260	NA	NA	5.2	6	40	BSS	endothelial	single	NA	Illumina HiSeq 2000	miRNA-Seq	NA	NA	NA	NA	NA	blood stasis syndrome (BSS)
NA	NA	23226537	10.1371/journal.pone.0050746	platelet_microrna	Pie	Provost	2012	FALSE	human	The Repertoire and Features of Human Platelet microRNAs	NA	NA	NA	NA	NA	NULL	NA	platelets	NA	NA	NA	NA	NA	NA	NA	NA	NA	NA
ERP000803	NA	NA	NA	NA	NA	NA	2012	FALSE	human	Trombocyte_101213	PRJEB2626	NA	NA	3.5	1	1	NA	platelets	single	NA	Illumina HiSeq 2000	FL-cDNA	NA	NA	NA	NA	NA	no detectable publication; but submission says 1 sample; submitted under mwg operon taken that as first author
SRP135734	NA	30645204	10.1172/JCI124508	injury_repair	Zeng	Tang	2019	TRUE	human	VSMCs co-cultured with activated platelets for 4 hours	PRJNA438367	NA	NA	2.7	6	NULL	NA	platelets	single	NA	Illumina HiSeq 2500	miRNA-Seq	NA	NA	NA	NA	NA	2019 year of publication; dey be talkin bout mice data but no mice data ere
SRP127016	GSE103305	29069456	10.1210/jc.2017-01144	thyroid_state	Massolt	Visser	2018	TRUE	human	NA	PRJNA401850	NA	NA	7.7	16	16	NA	blood cells	single	NA	Illumina HiSeq 2500	RNA-Seq	NA	NA	NA	NA	NA	according to paper; samples consist of miRNA from all blood cells
NA	NA	28276570	10.1160/TH16-11-0873	rna_uptake	Clancy	Freedman	2017	FALSE	human	NA	NA	NA	TRUE	NA	NA	NULL	NA	endothelial	paired	NA	Illumina HiSeq 2000	NA	NA	NA	NA	NA	NA	NA
NA	NA	26773046	10.1182/blood-2015-07-661371	dicer1_processing	Rowley	Weyrich	2016	FALSE	mouse	NA	NA	NA	TRUE	NA	NA	NULL	NA	platelets	NA	NA	Illumina GAIIx	NA	NA	NA	NA	NA	NA	NA
NA	GSE49921	24523238	10.1182/blood-2013-12-544692	mrna_mirna	Simon	Bray	2014	FALSE	human	NA	PRJNA215334	NA	NA	NA	NA	154	NA	platelets	NA	NA	HuGene-1_0-st	microarray	NA	NA	NA	NA	NA	no sra linked to geo entry; geo entry says 154 samples; matches the samplesize mentioned in the paper (163 minus 9 due to occult practices)
NA	GSE49921	24216752	10.1038/nm.3385	racialdiff_par4	Edelstein	Bray	2014	FALSE	human	NA	PRJNA215334	NA	NA	NA	NA	NULL	NA	platelets	NA	NA	NA	NA	NA	NA	NA	NA	NA	curiously enough; its the same geo entry as above (possible subset?)
NA	NA	33587817	10.1111/jth.15271	megs_highploidy	Choudry	Frontini	2021	FALSE	human	NA	??	EGAS00001004844	NA	NA	NA	4	NA	megakaryocytes	NA	NA	NA	NA	NA	NA	NA	NA	NA	no information in paper about geo/SRA/etc
NA	NA	29301628	10.1016/j.jacc.2017.10.072	peripheral_arterial	Dann	Berger	2018	FALSE	human	NA	NA	NA	TRUE	NA	NA	10	NA	platelets	NA	NA	NA	NA	NA	NA	NA	NA	NA	no information in paper about geo/SRA/etc
SRP136355	GSE112277	30337297	10.1182/bloodadvances.2018019448	mrtfa_maturation	Rahman	Krause	2018	TRUE	human	MEGS	PRJNA445458	NA	NA	13	8	NULL	NA	human erythroleukemia cells	single	NA	Illumina HiSeq 2000	RNA-Seq	NA	NA	NA	NA	NA	afais no sample size mentioned in pub
SRP131043	GSE109429	NA	NA	NA	NA	NA	NA	FALSE	mouse	NA	PRJNA430875	NA	NA	40.3	14	7	NA	Ter-119+CD45−Lin	paired	NA	Illumina HiSeq 2000	RNA-Seq	NA	NA	NA	NA	NA	7 samples mentioned in abstract; quite possibly the 14 are 7 tumor cells and 7 healthy control cells; Ter-119+CD45−Lin the only cell type mentioned
SRP125952	GSE107594	30808686	10.1182/bloodadvances.2018023986	hmga2_myeloerythroid	Kumar	Larsson	2019	TRUE	human	NA	PRJNA420689	NA	NA	24.2	8	NULL	NA	umbilicial cord cells /	paired	NA	Illumina HiSeq 2000	RNA-Seq	NA	NA	NA	NA	NA	afais no sample size mentioned in pub
SRP082362	GSE85737	30894540	10.1038/s41467-019-09273-z	gfi1b_wnt	Shooshtarizadeh	Möröy	2019	TRUE	mouse	NA	PRJNA339228	NA	NA	32.6	4	NULL	NA	hematopoietic cells	paired	stranded	Illumina HiSeq 2000	RNA-Seq	NA	NA	NA	NA	NA	afais no sample size mentioned in pub
SRP163042	GSE120707	31105563	10.3389/fphar.2019.00408	qjsb_granule	Tian	Zhang	2019	TRUE	mouse	NA	PRJNA494175	NA	NA	65	12	40	NA	bonemarrow	paired	NA	HiSeq X Ten	RNA-Seq	NA	NA	NA	NA	NA	4 groups a 10 animals
ERP009992	NA	25721894	10.1007/s10048-015-0441-5	ataxin2_biomarker	Fittschen	Auburger	2015	TRUE	mouse	NA	PRJEB8949	NA	NA	25	24	16	NA	tissue	single	NA	Illumina HiSeq 2500	RNA-Seq	NA	NA	NA	NA	NA	according to the pub; 4 wildtype 4 knockout in two age cohorts 6 and 24 weeks
ERP010003	NA	25112678	10.1007/s12035-014-8844-0	complexin_foxp1	Gispert	Auburger	2015	TRUE	mouse	NA	PRJEB8960	NA	NA	78.1	40	NULL	NA	NA	single	NA	Illumina HiSeq 2500	RNA-Seq	NA	NA	NA	NA	NA	afais no sample size mentioned in pub
SRP166291	GSE121579	30503262	10.1016/j.stemcr.2018.11.001	tflevels_fate	Dalby	Ghevaert	2018	TRUE	human	NA	PRJNA497828	NA	NA	11.6	192	NULL	NA	megakaryocytes	single	NA	Illumina HiSeq 4000	RNA-Seq	NA	NA	NA	NA	NA	afais no sample size mentioned in pub
SRP155163	GSE117498	31160568	10.1038/s41467-019-10291-0	singlecell_progenitors	Pellin	Biasco	2019	TRUE	human	NA	PRJNA482771	NA	NA	38.5	11	NULL	NA	hematopoietic cell	paired	NA	NextSeq 500	RNA-Seq	NA	NA	NA	NA	NA	NA
SRP185700	GSE126446	31473989	10.1055/s-0039-1695009	reticulated_prothrombotic	Bongiovanni	Berlochner	2019	TRUE	human	Transcriptome analysis of reticulated platelets reveals a prothrombotic profile	PRJNA521955	NA	NA	14.3	8	8	NA	platelets	single	NA	NextSeq 500	RNA-Seq	NA	NA	NA	NA	NA	NA
SRP185701	GSE126447	31473989	10.1055/s-0039-1695009	reticulated_mirna	Bongiovanni	Berlochner	2019	TRUE	human	Transcriptome analysis of reticulated platelets reveals a prothrombotic profile	PRJNA521951	NA	NA	15.1	6	6	NA	platelets	single	NA	NextSeq 500	miRNA-Seq	NA	NA	NA	NA	NA	NA
NA	NA	31311815	10.1182/blood.2019000200	tnfa_aging	DavizonCastillo	DiPaola	2019	FALSE	human; mouse	TNF-a–driven inflammation and mitochondrial dysfunction define the platelet hyperreactivity of aging	NA	NA	TRUE	NA	NA	NULL	NA	NA	NA	NA	NA	NA	NA	NA	NA	NA	NA	no paper access for now
SRP183819	NA	31366617	10.1182/blood.2019000067	human_sepsis	Middleton	Rondina	2019	TRUE	human	Sepsis alters the transcriptional and translational landscape of human and murine platelets	PRJNA521077	NA	NA	22.9	16	16	septic	platelets	single	NA	Illumina HiSeq 2000	RNA-Seq	NA	NA	NA	NA	NA	NA
SRP183819	NA	31366617	10.1182/blood.2019000067	mouse_sepsis	Middleton	Rondina	2019	TRUE	mouse	Sepsis alters the transcriptional and translational landscape of human and murine platelets	PRJNA521077	NA	NA	22.9	13	13	septic	platelets	single	NA	Illumina HiSeq 2000	RNA-Seq	NA	NA	NA	NA	NA	NA
NA	NA	31426129	10.1111/bjh.16152	neoplasms_fibrosis	Guo	Erber	2019	FALSE	human	Platelets in myeloproliferative neoplasms have a distinct transcript signature in the presence of marrow fibrosis	?	NA	TRUE	NA	NA	34	fibrosis	platelets/megakaryocytes	NA	NA	NA	NA	NA	NA	NA	NA	NA	no paper access, but n-samples seems to be covered in supp. material
SRP224937	GSE138629	31712416	10.1073/pnas.1912409116	cell_translatome	Cleuren	Ginsburg	2019	TRUE	mouse	NA	PRJNA576635	NA	NA	78.7	122	NULL	NA	endothelial cells	single	NA	Illumina HiSeq 2500	RNA-Seq	NA	NA	NA	NA	NA	no paper access
SRP191576	NA	31852401	10.1161/CIRCRESAHA.119.315215	longitudinal_platelets	Rondina	Rowley	2020	TRUE	human	NA	PRJNA531691	NA	NA	69.9	88	NULL	NA	platelets	single	NA	Illumina HiSeq 4000	RNA-Seq	NA	NA	NA	NA	NA	NA
SRP161687	GSE119916	NA	NA	cytopenia_mds	Poon	William	2018	FALSE	human	NA	PRJNA490690	NA	NA	39.2	9	NULL	NA	hematopoietic stem and progenitor cells	paired	NA	Illumina HiSeq 2500	RNA-Seq	NA	NA	NA	NA	NA	year derived from submission of BioProject
SRP228446	NA	32013235	10.3390/ijms21030866	megs_LPStreated	Szylagyi	Nagy	2020	TRUE	human	NA	PRJNA587604	NA	NA	3	6	NULL	septic	megakaryocytes	single	NA	NextSeq 500	RNA-Seq	NA	NA	NA	NA	NA	megacaryocytes derived from abstract of BioProject, year derived from submission of BioProject
SRP237480	NA	31934818	10.1080/09537104.2020.1714573	lvad_longitudinal	Frey	Rondina	2020	TRUE	human	NA	PRJNA595551	NA	NA	24.9	34	NULL	NA	NA	NA	NA	NA	NA	NA	NA	NA	NA	NA	NA
SRP225116	GSE138735	32266291	10.3389/fcvm.2020.00031	microparticles_mirna	Diallo	Provost	2020	TRUE	human	NA	PRJNA576924	NA	NA	1.3	8	NULL	Control (stored in donor plasma); Mirasol (stored in donor plasma, treated with riboflavin and ultraviolet B (UVB) light); Additive solution (stored in 65% storage solutions for platelets (SSP+; MacoPharma) and 35% donor plasma); Intercept (stored in SSP+ (Additive solution), treated with amotosalen and UVA light)	platelets	single	NA	NextSeq 500	miRNA-Seq	NA	NA	NA	NA	NA	NA
NA	NA	31842182	10.1097/WNR.0000000000001394	biomarkers_cerebralstroke	Pan	Dong	2020	FALSE	NA	NA	NA	NA	TRUE	NA	NA	NULL	NA	platelets	NA	NA	NA	NA	NA	NA	NA	NA	NA	no paper access
SRP102942	GSE97348	NA	10.2139/ssrn.3295649	hyper_hypo	Sun	Xia	2020	TRUE	human	NA	PRJNA381480	NA	NA	8.9	2	NULL	NA	platelets	paired	NA	Illumina HiSeq 2000	RNA-Seq	NA	NA	NA	NA	NA	NA
SRP262885	NA	32573711	10.1182/blood.2020007214	plt_covid19	Manne	Campbell	2020	TRUE	human	NA	PRJNA634489	NA	NA	77.2	15	15	NA	platelets	NA	NA	NA	RNA-Seq	NA	NA	NA	NA	NA	NA
SRP276219	NA	NA	NA	platelets_lupus	NA	NA	2020	FALSE	human	NA	PRJNA655552	NA	NA	11.8	12	NULL	NA	NA	NA	NA	NA	NA	NA	NA	NA	NA	NA	NA
SRP181864	GSE125579	NA	NA	megs_nfe2	DeGraaf	Taoudi	2019	FALSE	mouse	NA	PRJNA516873	NA	NA	65.9	4	NULL	NA	NA	NA	NA	NA	NA	NA	NA	NA	NA	NA	NA
SRP248473	GSE145211	32422235	10.1016/j.gene.2020.144758	nascent_lsd1	Johnston	Hiebert	2020	TRUE	mouse	NA	NA	NA	NA	24.6	6	NULL	NA	NA	NA	NA	NA	NA	NA	NA	NA	NA	NA	NA
SRP278818	GSE156902	33103128	10.1016/j.xcrm.2020.100101	TEP_glioblastoma	Sol	Wurdinger	2020	TRUE	human	NA	PRJNA659491	NA	NA	525.6	804	NULL	NA	NA	NA	NA	NA	NA	NA	NA	NA	NA	NA	NA
SRP151148	GSE116177	30395284	10.1093/nar/gky1020	haemopedia_rnaseq	Choi	DeGraaf	2019	TRUE	mouse	NA	PRJNA477553	NA	NA	189.2	102	NULL	NA	many	NA	NA	NA	NA	NA	NA	NA	NA	NA	NA
SRP234019	GSE141159	32236527	10.1182/bloodadvances.2019001323	nxf1_mutant	Chappaz	Kile	2020	TRUE	mouse	NA	PRJNA592454	NA	NA	25.3	6	NULL	NA	NA	NA	NA	NA	NA	NA	NA	NA	NA	NA	NA
SRP269265	NA	NA	NA	megs_n_platelets	Bhatlekar	NA	2020	FALSE	human	NA	PRJNA642888	NA	NA	70.4	14	NULL	NA	NA	NA	NA	NA	NA	NA	NA	NA	NA	NA	NA
SRP137147	GSE112692	30463007	10.1016/j.celrep.2018.10.084	cellcycle_mep	Lu	Krause	2018	TRUE	human	NA	PRJNA448755	NA	NA	NA	NA	NULL	NA	NA	NA	NA	NA	NA	NA	NA	NA	NA	NA	NA
SRP242020	GSE143698	NA	NA	hyperactive_pten	Chen	Liu	2021	FALSE	mouse	NA	PRJNA601334	NA	NA	NA	NA	NULL	NA	NA	NA	NA	NA	NA	NA	NA	NA	NA	NA	NA
ERP116119	NA	NA	NA	reticulated_platelets	UniFreiburg	NA	2021	FALSE	human	NA	PRJEB33335	NA	NA	NA	NA	NULL	NA	NA	NA	NA	NA	NA	NA	NA	NA	NA	NA	NA
SRP302029	NA	NA	NA	phb2_knockdown	UniNanching	NA	2021	FALSE	human	NA	PRJNA692313	NA	NA	NA	NA	NULL	NA	NA	NA	NA	NA	NA	NA	NA	NA	NA	NA	NA
SRP287554	GSE159577	NA	10.1101/2020.10.22.348276	circrna_translation	Nicolet	Wolkers	2020	TRUE	human	NA	PRJNA669812	NA	NA	53	8	NULL	NA	NA	NA	NA	NA	NA	NA	NA	NA	NA	NA	NA
